title:Authors' Pages
[[=]]
[[div class="unmargined" style="font-size: 200%; font-weight: bold; margin: 2px 0 5px; color: #600;"]]
**WELCOME TO THE SCP FOUNDATION PERSONNEL FILE REPOSITORY**
[[/div]]
[[div style="text-align: center; color: #600;"]]
**WARNING: THE FOLLOWING PERSONNEL FILES ARE**
[[div class="unmargined" style="font-size: 400%; font-weight: bold; margin: 2px 0 5px;"]]
CLASSIFIED
[[/div]]
**ACCESS BY UNAUTHORIZED PERSONNEL IS STRICTLY PROHIBITED**
[[/div]]
[[/=]]
----
[[=]]
**-Repository Navigation-**
[[/=]]
[[div style="text-align: center; width: 100%; font-size:1.25em; font-weight: bold;"]]
[/members-pages#0 #]|[/members-pages#A A]|[/members-pages#B B]|[/members-pages#C C]|[/members-pages#D D]|[/members-pages#E E]|[/members-pages#F F]|[/members-pages#G G]|[/members-pages#H H]|[/members-pages#I I]|[/members-pages#J J]|[/members-pages#K K]|[/members-pages#L L]|[/members-pages#M M]|[/members-pages#N N]|[/members-pages#O O]|[/members-pages#P P]|[/members-pages#Q Q]|[/members-pages#R R]|[/members-pages#S S]|[/members-pages#T T]|[/members-pages#U U]|[/members-pages#V V]|[/members-pages#W W]|[/members-pages#X X]|[/members-pages#Y Y]|[/members-pages#Z Z]
[[/div]]
----
[[=]]

[[# 0]]

+ -#-

||[[*user 9Volt]]||[[[http://www.scp-wiki.net/dr-bond-s-personnel-file |Dr. Bond's Personnel File]]]||Personnel||

[[# A]]

+ -A-

||[[*user AbsentmindedNihilist]]||[[[http://www.scp-wiki.net/absentmindednihilist-s-personnel-file |AbsentmindedNihilist's Personnel File]]]||Operational Staff||
||[[*user accelerando]]||[[[Accelerando Personnel File|Accelerando's Personnel File]]]||Moderator||
||[[*user Aeish]]||[[[Dr. Aeish's Personnel File]]]||Personnel||
||[[*user Aelanna]]||[[[dr-mackenzie|Dr. Mackenzie's Personnel File]]]||Personnel||
||[[*user A Fat Ghost]]||[[[A Fat Ghost's Dossier]]]||Retired Moderator||
||[[*user agatharights]]||[[[Dr. Rights' Personnel File]]]||Retired Staff||
||[[*user Agent Circeus]]||[[[Circeus' Personnel File|Agent Circeus' personnel file]]]||Personnel||
||[[*user Agent MacLeod]]||[[[let's go again, shall we?|Agent MacLeod's Author Page]]]||Personnel||
||[[*user Ahbonjour]]||[[[ahbonjour-s-office|Dr. Bonjour's Office]]]||Personnel||
||[[*user Aiden Eldritch]]||[[[aiden-eldritch|Self-Congratulation Page (See It's Even SCP)]]]||Operational Staff||
||[[*user AJMansfield]]||[[[ajmansfield|AJMansfield's Author Page]]]||Personnel||
||[[*user Alias Pseudonym]]||[[[alias-personnel-file|"Alias's" Personnel File]]]||Personnel||
||Amuness Creeps||[http://www.scp-wiki.net/amuness-creeps Amuness Trovolock Creeps]||Deleted Account||
||[[*user anaxagoras]]||[[[anaxagoras-s-author-page|Anaxagoras's Author Page]]]||Personnel||
||[[*user Anborough]]||[[[dr.-anborough-personnel-file|Dr. Anborough's Personnel File]]]||Retired Staff||
||[[*user andarielhalo]]||[[[andariel-halo-file|Dr. Andariel Halo's personnel file]]]||Personnel||
||[[*user Anonymouse99]]||[[[Dr. Tuna's Personnel File]]]||Personnel||
||[[*user anqxyr]]||[[[anqxyr|anqxyr's Author Page]]]||Administrator||
||[[*user Apocalemur]]||[[[Agent Apocalemur]]]||Personnel||
||[[*user A Random Day]]||[[[http://www.scp-wiki.net/dr-arvind-desais-personnel-file|Dr. Arvind Ramkumar Desai's Personnel File]]]||Operational Staff||
||[[*user Arcibi]]||[[[arcibi-s-file|Arcibi's File]]]||Personnel||
||[[*user Arlecchino]]||[[[Dr. Burns Personnel File]]]||Inactive Operational Staff||
||[[*user atomicthumbs]]||[[[atomicthumbs-author-page |atomicthumbs' author page]]]||Personnel||
||[[*user Aura Vesta]]||[[[dr-auras-personnel-file|Dr. Aura's Personnel File]]]||Personnel||
||[[*user azzleflux]]||[[[Agent Alexander "Azzleflux" Fredricks's Personnel File]]]||Retired Staff||

[[# B]]

+ -B-

||[[*user BananaRepublic]]||[[[http://www.scp-wiki.net/dr-henderson-s-personnel-file|Dr. Henderson's Personnel File]]]||Personnel||
||[[*user bbaztek]]||[[[BBaztek's personnel file]]]||Personnel||
||[[*user BeeDee]]||[[[Dr. BeeDee's Personnel File|Dr. BeeDee's Personnel File]]]||Personnel||
||[[*user Bentu]]||[[[Bentu Personnel File|Bentu's Personnel File]]]||Personnel||
||[[*user Bennings]]||[[[George Bennings's Personnel File]]]||Personnel||
||[[*user bijhan]]||[[[Bijhan|Agent Bijhan's Personnel File]]]||Personnel||
||[[*user bittermixin]]||[[[http://www.scp-wiki.net/bittermixin-s-personnel-file|bittermixin's snazzy author page]]]||Junior Staff||
||[[*user Blaroth]]||[[[http://www.scp-wiki.net/dr-roth-personnel-file|Dr. Roth's Personnel file]]]||Operational staff||
||[[*user blastyoboots]]||[[[Dr. Blast's Personnel File]]]||Personnel||
||[[*user Bunton]]||[[[lycan-therapy-s-personnel-file|Rsr. Lloyd (a.k.a. "Bunton")'s Personnel File]]]||Personnel||
||[[*user Bryx]]||[[[bow-before-my-url-powers|Researcher "Bryx" Ryan's Personnel File]]]||Retired Staff||

[[# C]]

+ -C-

||[[*user CapnThatguy]]||[[[CapnThatguy's Personnel File]]]||Personnel||
||[[*user carriontrooper]]||[[[Agent CarrionTrooper's Profile]]]||Personnel||
||[[*user catboy637]]||[[[Catboy's Personnel File]]]||Personnel||
||[[*user ch00bakka]]||[[[http://scp-wiki.wikidot.com/ch00bakka-personnel-file | Tabula Curalis Caii Hostilii Bacchi "Binihil"]]]||Personnel||
||[[*user chazzk]]||[[[ChazzK's Personnel File]]]||Personnel||
||[[*user cherry pict]]||[[[Cherry Pict's Personnel File]]]||Personnel||
||[[*user ChrisAKAPiefish]]||[[[pastry-based-aquatic-life-form-p13F15h | Pastry based aquatic life form - P13F15H]]]||Operational Staff||
||[[*user Choiwel]]||[[[j-cooper-s-personnel-file | The Personnel File of Joseph Cooper]]]||Personnel||
||[[*user chubert]]||[[[Assistant Chubert's Personnel File]]]||Personnel||
||[[*user CirclesAndSquares]]||[[[circlesandsquares-author-page |CirclesAndSquare's Author Page]]]||Peraonnel||
||[[*user CityToast]]||[[[reixis-personnel-file|Dr. Reixis' Personnel File]]]||Personnel||
||[[*user clockworkmage]]||[[[dr-locke-personnel-file|Dr. C. Locke's Personnel File]]]||Personnel||
||[[*user Communism will win]]||[[[Dr. Vang's Personnel File]]]||Personnel||
||[[*user Crayne]]||[[[crayne-author|Dr. D.H. Aeslinger, Psy.D.]]]||Retired Moderator||
||[[*user CryogenChaos]]||[[[CryogenChaos' Author Page]]]||Retired Moderator||
||[[*user Cyantreuse]]||[[[sexycontainmentprocedures|Cyantreuse's Pit of Despair and SCPhotoshop (has NSFW CSS theme)]]]||Junior Staff||
||[[*user Cyrus013]]||[[[cyrus013-s-obituary|Cyrus013's Obituary]]]||Personnel||

[[# D]]

+ -D-

||[[*user DarkStuff]]||[[[dr-k-stuff-s-personnel-file |Dr. K. Stuff's Personnel File]]]||Personnel||
||[[*user Dave Rapp]]||[[[Agent Rapp|Agent Rapp's Personnel File]]]||Personnel||
||[[*user daveyoufool]]||[[[daveyoufool|Dave.]]]||Personnel||
||[[*user Deathray]]||[[[containment-specialist-jeff-ray-s-personnel-dossier|Containment Specialist Jeff Ray's Personnel Dossier]]]||Personnel||
||[[*user Decibelles]]||[[[decibelle|Decibelle, the Terrifying Cat Pattern Screamer]]]||Administrator||
||[[*user deValmont]]||[[[Dr deValmont's Personnel File]]]||Personnel||
||[[*user Devereaux]]||[[[Devereaux|Assistant Researcher Devereaux's Personnel File]]]||Retired Staff||
||[[*user Dexanote]]||[[[dr-django-bridge-personnel-file|Dr. Django Bridge's Personnel File]]]||Administrator||
||[[*user Dillinger PhD]]||[[[dr-dillinger-s-personnel-file |Dr. Dillinger's Personnel File]]]||Personnel||
||[[*user diogenes]]||[[[agent-diogenes-personnel-file|Agent Diogenes' Personnel File]]]||Personnel||
||[[*user djkaktus]]||[[[djkaktus|djkaktus' Author Page]]]||Retired Moderator||
||[[*user djoric]]||[[[Djoric's Author Page]]]||Personnel||
||[[*user dmatix]]||[[[dr-dmatix-s-personnel-file|Dr. Dmatix's Personnel File]]]||Retired Staff||
||[[*user doctor cimmerian]]||[[[dr-cimmerian-s-personnel-file |Dr. Cimmerian's Personnel File]]]||Moderator||
||[[*user dragonnyxx]]||[[[Dragonnyxx's Personnel File]]]||Personnel||
||[[*user DrBerggren]]||[[[Dr. Berggren's Personnel File]]]||Personnel||
||[[*user DrClef]]||[[[drclef-member-page|Dr. Clef's Personnel File]]]||Inactive Administrator||
||[[*user Dr Cuddles]]||[[[Dr Cuddles Author Page]]]||Personnel||
||[[*user DreamwalkerFae]]||[[[DreamwalkerFae's Author Page]]]||Personnel||
||[[*user DrEverettMann]]||[[[dr-manns-personnel-file|Dr. Mann's Personnel File]]]||Administrator||
||[[*user Drewbear]]||[[[drewbear-personnel-file|Prof. Anders Bjornsen Personnel File]]]||Inactive Administrator||
||[[*user DrBleep]]||[[[Dr.Bleeps Author Page]]]||Junior Staff||
||[[*user Dr Gears]]||[[[Dr. Gears's Personnel File]]]||Inactive Administrator||
||[[*user Dr Gerald]]||[[[Dr. Gerald's Personnel File|Dr. Gerald's Personnel File]]]||Retired Moderator||
||[[*user Dr Gibbons]]||[[[Dr. Gibbons' Personnel File]]]||Personnel||
||[[*user Dr Hysteria]]||[[[hysteria|Whatever hysteria exists is inflamed by mystery]]]||Personnel||
||[[*user DrKens]]||[[[dr-kens-personnel-file |Dr. Kens' Personnel File]]]||Retired Moderator||
||[[*user Dr Kondraki]]||[[[dr-kondraki-s-personnel-file |Dr. Kondraki's Personnel File]]]||Personnel||
||[[*user Dr LosER]]||[[[Dr. Los e. r.'s Personnel File|Dr. Loser's Personnel File]]]||Personnel||
||[[*user drmagnus]]||[[[dr-magnus-personnel-file|Dr. Magnus' Personnel File]]]||Junior Staff||
||[[*user Dr Oliver Wood]]||[[[dr-wood-s-personnel-file|Dr. Wood's Personnel File]]]||Personnel||
||[[*user Dr Rath]]||[[[dr-rath-s-personnel-file|Dr. Rath's Personnel File]]]||Personnel||
||[[*user Dr Reach]]||[[[dr-reach-personnel-file|Reach]]]||Personnel||
||[[*user DrSevere]]||[[[Dr. Severe's Personnel File]]]||Personnel||
||[[*user Dr Solo]]||[[[Dr. Solo's Personnel File]]]||Operational Staff||
||[[*user Dstecks]]||[[[DStecks Personnel File|Dr. "DStecks" Stoeckle's Personnel File]]]||Personnel||

[[# E]]

+ -E-

||[[*user Edrobot]]||[[[dr-edison|Dr. Edison's Personnel File]]]||Personnel||
||[[*user Eekium]]||[[[eekium-author-page |Eekium's Personnel File]]]||Personnel||
||[[*user Enma Ai]]||[[[agent-enma-ai-personnel-file|Agent Enma Ai's Personnel File]]]||Personnel||
||[[*user eric_h]]||[[[eric_h's Author Page]]]||Retired Staff||
||[[*user Erku]]||[[[Dr. Ersen's Personnel File|Dr "Erku" Ersen's Personnel File]]]||Personnel||
||[[*user Esheter]]||[[[esheter|Personnel File of Junior Research Assistant Esheter]]]||Personnel||
||[[*user Eskobar]]||[[[mr-eskobar|David Eskobar Personnel File (DECEASED)]]]||Retired Moderator||

[[# F]]

+ -F-

||[[*user faminepulse]]||[[[mayreder-personnel-file|Famine's Author Page]]]||Operational Staff||
||[[*user fantem]]||[[[Fantem's POI File]]]||Operational Staff||
||[[*user far2]]||[[[far2-s-disciplinary-report|Far2's Disciplinary Report]]]||Retired Administrator||
||[[*user Fingo7]]||[[[fingo7-s-cute-stuff|:3]]]||Junior Staff||
||[[*user flah]]||[[[flah-personnel-file| Agent Flah's Personnel File]]]||Personnel||
||[[*user flameshirt]]||[[[FlameShirt's Author Page]]]||Retired Staff||
||[[*user Flawed]]||[[[http://www.scp-wiki.net/flawed-profile |Researcher Edward Flawrence's Personnel File]]]||Junior Staff||
||[[*user fortunefavorsbold]]||[[[fortunefavorsbolds-author-page|FortuneFavorsBold's Author Page]]]||Retired Staff||
||[[*user foweraker]]||[[[Mr Foweraker's Personnel File]]]||Personnel||
||[[*user Freudian]]||[[[Freudian |Dr Jung's Terminal]]]||Personnel||
||[[*user FritzWillie]]||[[[FritzWillie-s-Author-Page|FritzWillie's Author Page]]]||Inactive Administrator||

[[# G]]

+ -G-

||[[*user Gaffney]]||[[[Gaffney's Personnel File]]]||Personnel||
||[[*user gargus]]||[[[Gargus' Author Page]]]||Personnel||
||[[*user General Harland]]||[[[general-harland-s-personnel-file|General Harland's Personnel File]]]||Personnel||
||[[*user GeometryPrime]]||[[[http://www.scp-wiki.net/personnel-file-geometryprime |Personnel File: GeometryPrime]]]||Personnel||
||[[*user ghostchibi]]||[[[jr-psych-chibis-personnel-file|Junior Psychologist Chibi's Personnel File]]]||Personnel||
||[[*user giant enemy spycrab]]||[[[giant-enemy-spycrab-s-author-page|giant enemy spycrab]]]||Personnel||
||[[*user GibberingEloquence]]||[[[gibberingeloquence-s-author-page|GibberingEloquence's Author Page]]]||Personnel||
||[[*user GreenWolf]]||[[[greenwolf-s-author-page |GreenWolf's Author Page]]]||Personnel||
||[[*user goodwill]]||[[[goodwill-s-personnel-file| Goodwill's Author Page]]]||Personnel||

[[# H]]

+ -H-

||[[*user Heiden]]||[[[Dr. Frederick Heiden]]]||Inactive Moderator||
||[[*user HexaDon]]||[[[hexadon-s-arthur-page |HexaDons: Arthur Page]]]||Personnel||
||[[*user hk-016]]||[[[HK-016|HK-016's Page]]]||Personnel||
||[[*user hornby]]||[[[col-hornby-s-personnel-file|Col. Hornby's Personnel File]]]||Personnel||

[[# I]]

+ -I-

||[[*user Iceberg 7]]||[[["Iceberg" Personnel File|Iceberg's Personnel File]]]||Retired Moderator||
||[[*user ink asylum]]||[[[Agent Klein's Personnel File]]]||Personnel||
||[[*user insipidparoxysm]]||[[[insipid-paroxysm |InsipidParoxysm's Author Page]]]||Personnel||

[[# J]]

+ -J-

||[[*user Jabonicus]]||[[[Jabonicus-author-page|Jabonicus' Personnel File]]]||Personnel||
||[[*user Jack Ike]]||[[[John-cena |Search Results for "Jack Ike's Author Page"]]]||Personnél||
||[[*user Jacob Conwell]]||[[[Researcher Conwell's Personnel File|Researcher Conwell's Personnel File]]]||Moderator||
||[[*user jekeled]]||[[[dr-jekeled|Doctor Jekeled's File]]]||Retired Staff||
||[[*user jonnyD]]||[[[Dr. Jon Drake's Personnel File|Dr. Jon Drake's Personnel File]]]||Personnel||

[[# K]]

+ -K-

||[[*user Kain Pathos Crow]]||[[[Kain Pathos Crow's Author Page]]]||Inactive Administrator||
||[[*user Kalinin]]||[[[Kalinin's Personnel File|Kalinin's Author Page]]]||Retired Staff||
||Kamen||[[[dr-kamen-s-personnel-file|Dr. Kamen's Personnel File]]]||Deleted Account||
||[[*user Kate McTiriss]]||[[[Kate McTiriss's Personnel File]]]||Retired Staff||
||[[*user Kazyan]]||[[[assistant-kaz-s-personnel-file |Assistant "Kazyan" Kaz's Personnel File]]]||Personnel||
||[[*user kinchtheknifeblade]]||[[[kinchtheknifeblade-s-author-page |Kinchtheknifeblade's Author Page]]]||Personnel||
||[[*user Kulzn]]||[[[kulzn-s-personnel-file |Kulzn's Personnel File]]]||Personnel||

[[# L]]

+ -L-

||[[*user lasergoose]]||[[[dr-l-goose-personnel-file|Dr. L. Goose's personnel file]]]||Personnel||
||[[*user Lazar Lyusternik]]||[[[personnel-file-lyusternik-lazar|PERSONNEL FILE Lyusternik, Lazar]]]||Operational Staff||
||[[*user leicontis]]||[[[Dr. Leicontis's Personnel File]]]||Personnel||
||[[*user litfried]]||[[[Litfried's author page]]]||Personnel||
||[[*user llama66613]]||[[[llama66613-s-author-page|Llama66613's Author Page]]]||Personnel||
||[[*user logan-armstrong]]||[[[http://www.scp-wiki.net/agent-logan-armstrong-s-personnel-file |Agent Logan Armstrong's Personnel File]]]||Personnel||
||[[*user LordStonefish]]||[[[http://www.scp-wiki.net/lord-stonefish|Xx_DrSwagClef_xX's Proposal for SCP-001.]]]||Junior Staff||
||[[*user Lowell]]||[[[dr-piedmont-s-personnel-file|Dr. Piedmont's Personnel File]]]||Personnel||
||[[*user Lt Masipag]]||[[[Lt-Masipag-s-Bio|Lt Masipag's Biography]]]||Retired Moderator||
||[[*user luckgandor]]||[[[every-goddamn-skip |Ricky's Dossier]]]||Personnel||
||[[*user lumancer]]||[[[lumancer|Researcher Lumancer's Personnel File]]]||Personnel||
||[[*user lurkd]]||[[[lurk-d-s-personnel-file|SEARCH "LURKD"]]]||Moderator||

[[# M]]

+ -M-

||[[*user MalcolmMaclean]]||[[[Former MTFL MacLean's Personnel File]]]||Personnel||
||[[*user MaliceAforethought]]||[[[maliceaf-author-ght|MaliceAforethought's Acrostic Author Page]]]||Personnel||
||[[*user manualsearch]]||[[[manualsearch|System Analyst Patrick Gephart]]]||Personnel||
||[[*user Metaphysician]]||[[[http://www.scp-wiki.net/metaphysician |Dr. Judith Low, Foundation Historian and Anthropologist]]]||Personnel||
||[[*user Mf99k]]||[[[http://www.scp-wiki.net/mf99k-author-page |Mf99k's Fanshy Stuff]]]||Personnel||
||[[*user Mimi_42]]||[[[mimi-member-page|Nurse "Mimi" White's Personnel File]]]||Personnel||
||[[*user minmin]]||[[[min-min|min min's file]]]||Personnel||
||[[*user MissMercurial]]||[[[MissMercurial Author Page|MissMercurial's Author Page]]]||Personnel||
||[[*user Misterbibs]]||[[[Misterbib's personnel file|Agent "Mister" Bibs Personnel File]]]||Personnel||
||[[*user misterflames]]||[[[Mister Flames]]]||Inactive Operational Staff||
||[[*user mister-smalls]]||[[[Mr. Smalls' Personnel File |Mr. Smalls' Personnel File]]]||Personnel||
||[[*user Modern_Erasmus]]||[[[Modern_Erasmus' Author Page |Modern_Erasmus' Author Page]]]||Personnel||
||[[*user modernmajorgeneral]]||[[[dr-major-personnel-file|Dr. Major's Personnel File]]]||Personnel||
||[[*user Moenennbys]]||[[[http://www.scp-wiki.net/site-19-intern-page |Site 19 Intern Page]]]||Personnel||
||[[*user Monkeysky]]||[[[http://www.scp-wiki.net/monkeysky-s-author-page |Monkeysky's Author Page]]]||Personnel||
||[[*user Montala]]||[[[Montala's Personnel File | Montala's Personnel File]]]||Personnel||
||[[*user moose fisher]]||[[[Dr. Fisher's Personnel File|Moose Fisher's Personnel File]]]||Personnel||
||[[*user Mortos]]||[[[mortos-author-page |Mortos' Author Page]]]||Personnel||
||[[*user MrAnakinSpecter]]||[[[http://www.scp-wiki.net/the-personnel-file-of-mr-andrew-kenneth-specter |The Personnel File of Mr. Andrew Kenneth Specter]]]||Junior Staff||
||[[*user Mr Carbon]]||[[[mr-carbon-personnel-file|"Mr. Carbon" - Personnel File]]]||Personnel||
||[[*user MrRonin]]||[[[mrronin-s-personnel-file |MrRonin's Personnel File]]]||Personnel||
||[[*user MrWrong]]||[[[Wrong Analytics |Wrong Analytics]]]||Operational Staff||
||[[*user Mulciber]]||[[[Agent Mulciber's Personnel File|Researcher Mulciber's Personnel File]]]||Personnel||
||[[*user Multiscoop]]||[[[http://www.scp-wiki.net/multiscoops-ice-cream-stand |Multiscoop's Ice Cream Stand]]]||Personnel||
||[[*user murphy_slaw]]||[[[researcher-slaw-s-personnel-file|Researcher Belvedere "Murphy" Slaw's Personnel File]]]||Personnel||
||[[*user Musuko]]||[[[Musuko's Personnel File|Musuko's Personnel File]]]||Personnel||

[[# N]]

+ -N-

||[[*user name]]||[[[the-janitor-who-cleans-up-after-messy-scps|The Janitor's Page]]]||Personnel||
||[[*user NekoChris]]||[[[Agent "NekoChris" Personnel File]]]||Personnel||
||[[*user Niblic]]||[[[niblic-coolpage-funpage |niblic coolpage funpage]]]||Personnel||
||[[*user Noaqiyeum]]||[[[personnel-file-noaqiyeum |Noaqiyeum's Personnel File]]]||Personnel||

[[# O]]

+ -O-

||[[*user ObserverSeptember]]||[[[dr-septembers-file|Dr. September's Personnel Profile]]]||Personnel||
||[[*user Ophite]]||[[[Ophite's Personnel File]]]||Personnel||
||[[*user orikae]]||[[[milesbigby|Dr. Miles Bigby's Personnel File]]]||Personnel||
||[[*user OverThinking]]||[[[collected-information-concerning-mr-welsch |Collected Information Concerning OverThinking]]]||Personnel||
||[[*user OZ Ouroboros]]||[[[oz-ouroboros-author-page |OZ Ouroboros Author Page]]]||Personnel||

[[# P]]

+ -P-

||[[*user Pair Of Ducks]]||[[[Dr. Glass' Personnel File|Dr. Glass's Personnel File]]]||Inactive Administrator||
||[[*user PaladinFoster]]||[[[Researcher James "Paladin" Foster's Personnel File]]]||Personnel||
||[[*user Pedantique]]||[[[http://www.scp-wiki.net/pedantique-personnel-file |Dr. Dentick's Personnel File]]]||Junior Staff||
||[[*user Penton]]||[[[Dr. Tonne’s Personnel File |Dr. Tonne’s Personnel File]]]||Personnel||
||[[*user PeppersGhost]]||[[[dr-john-peppersghost-pepper-s-personnel-file|Dr. John H. Pepper's Personnel File]]]||Personnel||
||[[*user Petrograd]]||[[[petro-derinsky-s-personnel-file|"Petro" Derinsky's Personnel File ]]]||Personnel||
||[[*user Photosynthetic]]||[[[photosynthetics-personnel-file|Chelsea "Photosynthetic" Elliott's Personnel File]]]||Inactive Administrator||
||[[*user Pig_catapult]]||[[[Dr. Trebuchet's Personnel File]]]||Inactive Moderator||
||[[*user psul]]||[[[psuls-author-page|psul's Author Page]]]||Personnel||
||[[*user pxdnbluesoul]]||[[[Bluesoul's Author Page]]]||Operational Staff||

[[# Q]]

+ -Q-

||[[*user qntm]]||[[[qntm-s-author-page|qntm's author page]]]||Personnel||
||[[*user quikngruvn]]||[[[quikngruvn-personnel-file|Quikngruvn Halifax]]]||Administrator||

[[# R]]

+ -R-

||[[*user randomini]]||[[[randomini|Ruiz Duchamp Filthy Criminal Documentation File]]]||Operational Staff||
||[[*user RecursiveRecursion]]||[[[recursiverecursion-s-author-page |Dr. Reynard's Nothin Personnel file]]]||Personnel||
||[[*user rejekyll]]||[[[reject|Research Assistant Goldsheiner's personnel file]]]||Retired Staff||
||[[*user Requitefahrenheit]]||[[[requite-fahrenheit-file|RequiteFahrenheit's File]]]||Personnel||
||[[*user RhettSarlin]]||[[[RhettSarlins Personnel File]]]||Retired Staff||
||[[*user Riemann]]||[[[Riemann|Riemann's Aquarium]]]||Retired Moderator||
||[[*user Rimple]]||[[[Operation ÓverMeta]]]||Junior Staff||
||[[*user Rioghail]]||[[[Dr. Rioghail's Personnel File]]]||Personnel||
||[[*user rioludoodle]]||[[[rioludoodle-s-author-page |rioludoodle's author page]]]||Personnel||
||[[*user Robert Sandler]]||[[[personnel-file-of-robert-sandler|Lord Sandler's Personnel File]]]||Personnel||
||[[*user Roget]]||[[[dr-rogets-file|Dr. Roget's Personnel file.]]]||Administrator||
||[[*user Rumetzen]]||[[[rumetzen author page|Rumetzen's Author Page]]]||Operational Staff||

[[# S]]

+ -S-

||[[*user Sad Xiao]]||[[[engo-xiaos-personnel-file|Engineering Technologist S. Xiao's Personnel File]]]||Personnel||
||[[*user Salman Corbette]]||[[[salman-corbette-personnel-file|Research Assistant Corbette's Personnel File]]]||Personnel||
||[[*user sandrewswann]]||[[[sandrewswann-member-page|S. Andrew Swann's Member Page]]]||Personnel||
||[[*user seisatsu]]||[[[Dr. Valence's Personnel File|Dr. "Seisatsu" Valence's Personnel File]]]||Personnel||
||[[*user shaggydredlocks]]||[[[Shaggyheadbox]]]||Junior Staff||
||[[*user Shebleha]]||[[[Junior Research Assistant James Shebleha's Personnel File]]]||Personnel||
||[[*user Silberescher]]||[[[silberescher-personnel-file|Dr. Löwen Alphonse Davison Augustin Jakobs Atreides Lemuria Agloval Silberescher's Personnel File]]]||Administrator||
||[[*user SimpleCadence]]||[[[SimpleCadence|SimpleCadence's Page]]]||Personnel||
||[[*user sirpudding]]||[[[Sirpudding's Author Page]]]||Junior Staff||
||[[*user Skali Sharpnose]]||[[[CV of Professor Skali "Sharpnose"|CV of Professor Skali "Sharpnose"]]]||Personnel||
||[[*user Skara Brae]]||[[[skara-brae|Research Sector-09]]]||Personnel||
||[[*user Sly161]]||[[[http://www.scp-wiki.net/sly161-s-author-page |Sly161's Author Page]]]||Junior Staff||
||[[*user Smapti]]||[[[Smapti's Personnel File]]]||Personnel||
||[[*user SnakeoilSage]]||[[[dr-salvia-s-personnel-file|Dr. Salvia's Personnel File]]]||Personnel||
||[[*user snorlison]]||[[[dr-snorlison-s-personnel-file|Dr. Snorlison's Personnel File]]]||Inactive Administrator||
||[[*user Sophia Light]]||[[[Dr. Light's Personnel File]]]||Inactive Moderator||
||[[*user Sorts]]||[[[Dr. Sorts' Personnel File]]]||Inactive Administrator||
||[[*user SoullessSingularity]]||[[[Doctor S███████'s Personnel File]]]||Administrator||
||[[*user Spaztique]]||[[[dr-spaz-personnel-file |Dr. "Spaztique" Z's Personnel File]]]||Personnel||
||[[*user SpectralDragon]]||[[[spectral-files |Spectral's Files]]]||Personnel||
||[[*user spikebrennan]]||[[[spikebrennan-s-personnel-file|spikebrennan's Personnel File]]]||Inactive Operational Staff||
||[[*user SpookyBee]]||[[[spookybee-s-author-page|Dr. Holland's Personal File]]]||Personnel||
||[[*user SpoonofEvil]]||[[[Agent Spoon of Evil's Personnel File]]]||Personnel||
||[[*user SRegan]]||[[[sregans-personnel-file|SRegan's Personnel File]]]||Personnel||
||Stimson||[[[Doctor Ronald Stimson's Personnel File]]]||Former Personnel||
||[[*user SunnyClockwork]]||[[[a-sunny-day-at-the-clockwork-gallery|A Sunny Day at the Clockwork Gallery ]]]||Personnel||
||[[*user SwamplessThing]]||[[[swamplessthing-s-personnal-file|SwamplessThing's Personnel File]]]||Personnel||
||[[*user SpookyPizza]]||[[[http://www.scp-wiki.net/spookypizzas-organized-stupidity|SpookyPizza's Organized Stupidity]]]||Containment Specialist||
[[# T]]

+ -T-

||[[*user Tagliafierro]]||[[[fool-triumphant-part-1|Prof. C. Tagliafierro's Personnel File]]]||Personnel||
||[[*user tanhony]]||[[[Caterer Tim "Tanhony" Hyne's Personnel File]]]||Personnel||
||[[*user TedlyAnderson]]||[[[tedlyanderson-author-page|Researcher Ted "TedlyAnderson" Anderson's Personnel File]]]||Personnel||
||[[*user thattallfellow]]||[[[martin-tall-fellow-donohue|Dr. Martin "Tall Fellow" Donohue's Personnel File]]]||Retired Staff||
||[[*user The Administrator]]||[[["The Administrator's" Biography|The Administrator's Biography]]]||Inactive Administrator||
||[[*user thedeadlymoose]]||[[[the-deadly-moose-personnel-file|General Task Force J-3500M "Deadly Moose" Joint Personnel File]]]||Administrator||
||[[*user TheDuckman]]||[[[Dr. Bright's Personnel File]]]||Administrator||
||[[*user The Great Hippo]]||[[[The Great Hippo]]]||Personnel||
||[[*user thekit]]||[[[thekit-s-personnel-file|The Kit's Personnel File]]]||Personnel||
||[[*user TheMadStork]]||[[[Dr. Incandenza's Personnel File]]]||Personnel||
||[[*user TL333s]]||[[[personnel-file-t-lees|Personnel FileT██████ Lees]]]||Personnel||
||[[*user TobiasTheTapir]]||[[[Toby's Personnel File]]]||Personnel||
||[[*user trennerdios]]||[[[researcher-dios-personnel-file|Researcher Dios' Personnel File]]]||Personnel||
||[[*user tretter]]||[[[scp-tretter-j |SCP-TRETTER-J]]]||Junior Staff||
||[[*user TroyL]]||[[[Agent Lament's Personnel File]]]||Retired Administrator||
||[[*user Tufto]]||[[[tufto-personnel-file|Tufto's Personnel File]]]||Personnel||
||[[*user tunedtoadeadchannel]]||[[[pooryorics-personnel-page|Jack "pooryoric" Dawkins's Personnel File]]]||Personnel||
||[[*user Tuomey Tombstone]]||[[[tuomey-author-page |Stuff things junk and so on]]]||Operational staff||
||[[*user TwistedGears]]||[[[TwistedGears Personnel File|Agent Daniel "TwistedGears" Navarro's Personnel File]]]||Personnel||
||[[*user TyGently]]||[[[TyGently Author Page|Dr. Ty███ Gently's Personnel File]]]||Junior Staff||

[[# U]]

+ -U-

||[[*user UglyFlower]]||[[[uglyflower-author-page|Dr. Flower who is also a giraffe]]]||Personnel||
||[[*user Univine]]||[[[univine-s-author-page|Univine's Author Page]]]||Personnel||

[[# V]]

+ -V-

||[[*user VAElynx]]||[[[vaeisenberg-personnel-file|Researcher Eisenberg's Personnel File]]]||Personnel||
||[[*user Vezaz]]||[[[Vezaz|Vezaz's Author Page]]]||Personnel||
||[[*user Vincent_Redgrave]]||[[[Vincent_Redgrave's Author Page]]]||Moderator||
||[[*user Voct]]||[[[Researcher Voct's personnel file]]]||Personnel||
||[[*user Von Pincier]]||[[[Researcher Von Pincier's Personnel File]]]||Personnel||

[[# W]]

+ -W-

||[[*user Waterfire]]||[[[Waterfire|Waterfire's Personnel File]]]||Personnel||
||[[*user Waxx]]||[[[Agent Strelnikov's Personnel File]]]||Administrator||
||[[*user weizhong]]||[[[weizhong|Researcher Wei Zhong's Personnel File]]]||Retired Staff||
||[[*user Weryllium]]||[[[weryl-wrote-stuff-come-look |Weryllium's Author Page]]]||Personnel||
||[[*user Whitewings]]||[[[Agent Talmor's Personnel File]]]||Personnel||
||[[*user Wils]]||[[[Wils's Personnel File]]]||Personnel||
||Wilt||[[[mr-wilts-file|Mr. "Wilt" van Antwerp's Personnel File]]]||Deleted Account||
||[[*user Wogglebug]]||[[[wogglebug-author-page|Search:Wogglebug]]]||Operational Staff||
||[[*user WrongJohnSilver]]||[[[WrongJohnSilver's Author Page]]]||Moderator||

[[# X]]

+ -X-

||[[*user xFox]]||[[[xfox-author-page |Agent "X-Ray Foxtrot's" Personnel File]]]||Personnel||

[[# Y]]

+ -Y-

||[[*user Yubi Shines]]||[[[j-candle-s-personnel-file|J. "Yubi Shines" Candle's Personnel File]]]||Personnel||

[[# Z]]

+ -Z-

||[[*user Zacharia H]]||[[[http://www.scp-wiki.net/zacharia-h-author-page|Agent Dossier: Zacharia H]]]||Personnel||
||[[*user zaratustra]]||[[[Dr. Zara's Personnel File]]]||Personnel||
||[[*user Zekky]]||[[[Zekky's Author Page]]]||Personnel||
||[[*user zkidanomalous]]||[[[Dr. "zkidanomalous" Llewellyn's Personnel File]]]||Personnel||
||[[*user Zmax15]]||[[[Zmax's Author Page]]]||Personnel||
||[[*user Zolgamax]]||[[[Zolgamax|Personnel File: Zolgamax Jones]]]||Personnel||
||[[*user Zyn]]||[[[Researcher Zyn's Personnel File]]]||Administrator||
[[/=]]
----
[[=]]
++* ENTRY REQUIREMENTS
If you've created **__at least three__** successful[[footnote]]Meaning an article that remains above -10 for 24 hours after having been posted.[[/footnote]]articles, please take the time to create an author page and take credit for your work. Create and tweak as you desire, and add yourself to the list above alphabetically by your __wikidot username__.

The format for your slot is:
> [[size 75%]]@@||[[*user YOURUSERNAME]]||[[[AUTHOR-PAGE-LINK |NAME-OF-LINK]]]||Personnel||@@[[/size]]
See additional entries for more information.

You might also consider adding a chevron from a [[[list-of-foundation-s-internal-departments|Foundation Department]]] you are interested in, if applicable. If you have any questions or concerns regarding this database, or need assistance adding your information to it, please contact [[user djkaktus]].
[[/=]]

[[module css]]
table.wiki-content-table
{
    margin: 0;
    width: 100%;
}

table.wiki-content-table td
{
    vertical-align: top;
    width: 200px;
}

table.wiki-content-table td:first-child
{
    width: 150px;
}

table.wiki-content-table td:last-child
{
    width: 100px;
}

#toc-action-bar
{
    display: none;
}
[[/module]]
